date,close
2015-01-02,94.561150
2015-01-05,93.174026
2015-01-06,91.924751
2015-01-07,93.109764
2015-01-08,94.891861
2015-01-09,94.267212
2015-01-12,93.284286
2015-01-13,93.256729
2015-01-14,92.742310
2015-01-15,91.538940
2015-01-16,92.613708
2015-01-20,93.348579
2015-01-21,93.826256
2015-01-22,95.562416
2015-01-23,95.773697
2015-01-26,95.663460
2015-01-27,93.183281
2015-01-28,92.705574
2015-01-29,93.596596
2015-01-30,92.870903
2015-02-02,93.679283
2015-02-03,94.579506
2015-02-04,94.496864
2015-02-05,95.314384
2015-02-06,94.735687
2015-02-09,94.432510
2015-02-10,95.902313
2015-02-11,96.251366
2015-02-12,97.372040
2015-02-13,98.208015
2015-02-17,98.299881
2015-02-18,98.437668
2015-02-19,98.924515
2015-02-20,99.585915
2015-02-23,99.686943
2015-02-24,99.760452
2015-02-25,99.512436
2015-02-26,100.017654
2015-02-27,99.576736
2015-03-02,100.477005
2015-03-03,100.008476
2015-03-04,99.622673
2015-03-05,99.797180
2015-03-06,98.667305
2015-03-09,98.952080
2015-03-10,97.114883
2015-03-11,96.554512
2015-03-12,97.188354
2015-03-13,96.765808
2015-03-16,98.015106
2015-03-17,98.171295
2015-03-18,99.135818
2015-03-19,99.282776
2015-03-20,99.925423
2015-03-23,99.732079
2015-03-24,99.373001
2015-03-25,97.098808
2015-03-26,96.767387
2015-03-27,97.154083
2015-03-30,98.268143
2015-03-31,97.227730
2015-04-01,96.721344
2015-04-02,96.785782
2015-04-06,97.577614
2015-04-07,97.411873
2015-04-08,98.185280
2015-04-09,98.802162
2015-04-10,99.207268
2015-04-13,98.958694
2015-04-14,98.673264
2015-04-15,99.290123
2015-04-16,99.152023
2015-04-17,97.605209
2015-04-20,99.069160
2015-04-21,99.492706
2015-04-22,100.035927
2015-04-23,100.413429
2015-04-24,101.776062
2015-04-27,101.518295
2015-04-28,101.315704
2015-04-29,100.680374
2015-04-30,99.096786
2015-05-01,100.404198
2015-05-04,100.569923
2015-05-05,98.931068
2015-05-06,98.249748
2015-05-07,98.839005
2015-05-08,100.072769
2015-05-11,99.686050
2015-05-12,99.234917
2015-05-13,99.437439
2015-05-14,100.892212
2015-05-15,100.892212
2015-05-18,101.334152
2015-05-19,101.223618
2015-05-20,101.288109
2015-05-21,101.812912
2015-05-22,101.711647
2015-05-26,100.542328
2015-05-27,102.162743
2015-05-28,101.932587
2015-05-29,101.324936
2015-06-01,101.665611
2015-06-02,101.343338
2015-06-03,101.647171
2015-06-04,100.873764
2015-06-05,100.634384
2015-06-08,99.612396
2015-06-09,99.446648
2015-06-10,100.809341
2015-06-11,100.956635
2015-06-12,100.127998
2015-06-15,99.630775
2015-06-16,100.174042
2015-06-17,100.450218
2015-06-18,101.914169
2015-06-19,101.410301
2015-06-22,102.157822
2015-06-23,102.240875
2015-06-24,101.714844
2015-06-25,101.511818
2015-06-26,100.838188
2015-06-29,98.457260
2015-06-30,98.807938
2015-07-01,99.592361
2015-07-02,99.620026
2015-07-06,99.389305
2015-07-07,99.638458
2015-07-08,97.903557
2015-07-09,97.848167
2015-07-10,99.343170
2015-07-13,101.087311
2015-07-14,101.751785
2015-07-15,101.862518
2015-07-16,103.302116
2015-07-17,104.824829
2015-07-20,105.184700
2015-07-21,105.120117
2015-07-22,103.929642
2015-07-23,103.542061
2015-07-24,102.526962
2015-07-27,101.677940
2015-07-28,102.554649
2015-07-29,102.942200
2015-07-30,103.431328
2015-07-31,103.311348
2015-08-03,102.988373
2015-08-04,102.794594
2015-08-05,103.588203
2015-08-06,101.927086
2015-08-07,101.797874
2015-08-10,102.960670
2015-08-11,101.641029
2015-08-12,101.991730
2015-08-13,101.825577
2015-08-14,101.982460
2015-08-17,102.831482
2015-08-18,102.305435
2015-08-19,101.631790
2015-08-20,98.817162
2015-08-21,94.498283
2015-08-24,90.862305
2015-08-25,90.520851
2015-08-26,95.079674
2015-08-27,97.488281
2015-08-28,97.469810
2015-08-31,96.260910
2015-09-01,93.252464
2015-09-02,95.882530
2015-09-03,95.411896
2015-09-04,94.276833
2015-09-08,96.934555
2015-09-09,95.845642
2015-09-10,96.888451
2015-09-11,97.423691
2015-09-14,97.128365
2015-09-15,98.272667
2015-09-16,98.826378
2015-09-17,98.863304
2015-09-18,97.457176
2015-09-21,97.762444
2015-09-22,96.300819
2015-09-23,96.374870
2015-09-24,96.023315
2015-09-25,95.209206
2015-09-28,92.498749
2015-09-29,92.017723
2015-09-30,94.136131
2015-10-01,94.561729
2015-10-02,96.217567
2015-10-05,97.595940
2015-10-06,97.133392
2015-10-07,97.716209
2015-10-08,98.104736
2015-10-09,98.548767
2015-10-12,98.789299
2015-10-13,98.150993
2015-10-14,97.993698
2015-10-15,99.603363
2015-10-16,100.019646
2015-10-19,100.593201
2015-10-20,100.075150
2015-10-21,99.464584
2015-10-22,101.490540
2015-10-23,104.330513
2015-10-26,104.395287
2015-10-27,104.608055
2015-10-28,105.477623
2015-10-29,105.311073
2015-10-30,104.839310
2015-11-02,106.023430
2015-11-03,106.393463
2015-11-04,106.402679
2015-11-05,106.115921
2015-11-06,106.189941
2015-11-09,105.061310
2015-11-10,104.793060
2015-11-11,104.663536
2015-11-12,103.645943
2015-11-13,101.610786
2015-11-16,103.072411
2015-11-17,103.137177
2015-11-18,105.116844
2015-11-19,105.190834
2015-11-20,105.903168
2015-11-23,105.597870
2015-11-24,105.505371
2015-11-25,105.597870
2015-11-27,105.745895
2015-11-30,105.477623
2015-12-01,106.532166
2015-12-02,105.875374
2015-12-03,104.080734
2015-12-04,106.513733
2015-12-07,106.032684
2015-12-08,106.041908
2015-12-09,104.432274
2015-12-10,104.904060
2015-12-11,102.489624
2015-12-14,103.266678
2015-12-15,103.895744
2015-12-16,105.440613
2015-12-17,103.904968
2015-12-18,101.911835
2015-12-21,103.043877
2015-12-22,103.721306
2015-12-23,104.491432
2015-12-24,104.472855
2015-12-28,104.417206
2015-12-29,106.059563
2015-12-30,105.103813
2015-12-31,103.795494
2016-01-04,101.605629
2016-01-05,101.429306
2016-01-06,100.455025
2016-01-07,97.309441
2016-01-08,96.511436
2016-01-11,96.808365
2016-01-12,97.931145
2016-01-13,94.553589
2016-01-14,96.567108
2016-01-15,93.569962
2016-01-19,93.774132
2016-01-20,93.486435
2016-01-21,93.579254
2016-01-22,96.288734
2016-01-25,94.859756
2016-01-26,95.713440
2016-01-27,93.328697
2016-01-28,94.646332
2016-01-29,96.622772
2016-02-01,96.882599
2016-02-02,94.785515
2016-02-03,94.330841
2016-02-04,94.321579
2016-02-05,91.046051
2016-02-08,89.654213
2016-02-09,89.375832
2016-02-10,89.719177
2016-02-11,89.589249
2016-02-12,90.953262
2016-02-16,93.003960
2016-02-17,95.110291
2016-02-18,94.024658
2016-02-19,94.303024
2016-02-22,95.834076
2016-02-23,94.256630
2016-02-24,95.156723
2016-02-25,96.093872
2016-02-26,95.973244
2016-02-29,95.110291
2016-03-01,98.163094
2016-03-02,98.200226
2016-03-03,98.014656
2016-03-04,98.051750
2016-03-07,97.448631
2016-03-08,96.641342
2016-03-09,97.263039
2016-03-10,97.114609
2016-03-11,98.812622
2016-03-14,98.979652
2016-03-15,98.942543
2016-03-16,99.824066
2016-03-17,99.768364
2016-03-18,99.924744
2016-03-21,100.315590
2016-03-22,100.622711
2016-03-23,99.794434
2016-03-24,99.822365
2016-03-28,99.682777
2016-03-29,101.283508
2016-03-30,101.776749
2016-03-31,101.627884
2016-04-01,102.707420
2016-04-04,102.316513
2016-04-05,101.330025
2016-04-06,102.995880
2016-04-07,101.516151
2016-04-08,101.441711
2016-04-11,101.069443
2016-04-12,101.916321
2016-04-13,103.219254
2016-04-14,103.228539
2016-04-15,102.967979
2016-04-18,103.517067
2016-04-19,102.884224
2016-04-20,102.967979
2016-04-21,102.977272
2016-04-22,101.423065
2016-04-25,101.423065
2016-04-26,100.929848
2016-04-27,100.120186
2016-04-28,98.910324
2016-04-29,98.389130
2016-05-02,99.319809
2016-05-03,98.398445
2016-05-04,97.765610
2016-05-05,97.737701
2016-05-06,98.258858
2016-05-09,98.538048
2016-05-10,99.887505
2016-05-11,98.984764
2016-05-12,98.547356
2016-05-13,98.184387
2016-05-16,99.412872
2016-05-17,98.165810
2016-05-18,98.519424
2016-05-19,98.007591
2016-05-20,99.087120
2016-05-23,98.956841
2016-05-24,100.939148
2016-05-25,101.665039
2016-05-26,101.962891
2016-05-27,102.493340
2016-05-31,102.688797
2016-06-01,102.698074
2016-06-02,102.912148
2016-06-03,102.428215
2016-06-06,102.800461
2016-06-07,102.539864
2016-06-08,102.716713
2016-06-09,102.549171
2016-06-10,101.385864
2016-06-13,100.538940
2016-06-14,100.538940
2016-06-15,100.250450
2016-06-16,100.548294
2016-06-17,99.369720
2016-06-20,99.994942
2016-06-21,100.312180
2016-06-22,100.069572
2016-06-23,101.497292
2016-06-24,97.316811
2016-06-27,95.385254
2016-06-28,97.475433
2016-06-29,99.201744
2016-06-30,100.349495
2016-07-01,100.853401
2016-07-05,100.237549
2016-07-06,101.058678
2016-07-07,101.357285
2016-07-08,102.924973
2016-07-11,103.512848
2016-07-12,104.035408
2016-07-13,103.783455
2016-07-14,104.492622
2016-07-15,104.324677
2016-07-18,105.015175
2016-07-19,104.632614
2016-07-20,105.855003
2016-07-21,105.612411
2016-07-22,106.050957
2016-07-25,106.060303
2016-07-26,106.181610
2016-07-27,106.918785
2016-07-28,107.292053
2016-07-29,107.525307
2016-08-01,108.094521
2016-08-02,107.273384
2016-08-03,107.627975
2016-08-04,107.935905
2016-08-05,108.971695
2016-08-08,108.850388
2016-08-09,109.102333
2016-08-10,108.822395
2016-08-11,109.288979
2016-08-12,109.363609
2016-08-15,109.830170
2016-08-16,109.223648
2016-08-17,109.419579
2016-08-18,109.447594
2016-08-19,109.419579
2016-08-22,109.503601
2016-08-23,109.699539
2016-08-24,108.990341
2016-08-25,108.813057
2016-08-26,108.971695
2016-08-29,109.121002
2016-08-30,108.766403
2016-08-31,108.654434
2016-09-01,108.934334
2016-09-02,109.288979
2016-09-06,109.970146
2016-09-07,110.035469
2016-09-08,109.391609
2016-09-09,106.638863
2016-09-12,108.551781
2016-09-13,107.581337
2016-09-14,108.094521
2016-09-15,109.774178
2016-09-16,109.721809
2016-09-19,109.244720
2016-09-20,109.450531
2016-09-21,110.526314
2016-09-22,111.405655
2016-09-23,110.694702
2016-09-26,109.768578
2016-09-27,110.853729
2016-09-28,111.040840
2016-09-29,110.236305
2016-09-30,111.059525
2016-10-03,110.900536
2016-10-04,110.732101
2016-10-05,111.125031
2016-10-06,111.068909
2016-10-07,110.825684
2016-10-10,111.527290
2016-10-11,109.936943
2016-10-12,109.843414
2016-10-13,109.450531
2016-10-14,109.581482
2016-10-17,109.282120
2016-10-18,110.255035
2016-10-19,110.245667
2016-10-20,110.114716
2016-10-21,110.526314
2016-10-24,111.854706
2016-10-25,111.499214
2016-10-26,110.741455
2016-10-27,110.236305
2016-10-28,109.544044
2016-10-31,109.441154
2016-11-01,108.617943
2016-11-02,107.747955
2016-11-03,106.690857
2016-11-04,106.316673
2016-11-07,108.842438
2016-11-08,109.553429
2016-11-09,110.058578
2016-11-10,108.281189
2016-11-11,108.327934
2016-11-14,107.233452
2016-11-15,108.720848
2016-11-16,109.366325
2016-11-17,110.161499
2016-11-18,109.749870
2016-11-21,110.891144
2016-11-22,111.227921
2016-11-23,110.778877
2016-11-25,111.134377
2016-11-28,110.881790
2016-11-29,111.265350
2016-11-30,109.918251
2016-12-01,108.019226
2016-12-02,108.234398
2016-12-05,109.076347
2016-12-06,109.338257
2016-12-07,110.722778
2016-12-08,110.919212
2016-12-09,111.789200
2016-12-12,111.284058
2016-12-13,112.687279
2016-12-14,112.453384
2016-12-15,112.631134
2016-12-16,112.213615
2016-12-19,112.673317
2016-12-20,113.104958
2016-12-21,113.020515
2016-12-22,112.701508
2016-12-23,112.776527
2016-12-27,113.358269
2016-12-28,112.476311
2016-12-29,112.316833
2016-12-30,111.162766
2017-01-03,112.157333
2017-01-04,112.767181
2017-01-05,113.405190
2017-01-06,114.399727
2017-01-09,114.774994
2017-01-10,115.028336
2017-01-11,115.337959
2017-01-12,115.159683
2017-01-13,115.553772
2017-01-17,115.206589
2017-01-18,115.441162
2017-01-19,115.384880
2017-01-20,115.638191
2017-01-23,115.732018
2017-01-24,116.510757
2017-01-25,117.683578
2017-01-26,117.805504
2017-01-27,118.030708
2017-01-30,117.111221
2017-01-31,116.876678
2017-02-01,117.683578
2017-02-02,117.580360
2017-02-03,117.918091
2017-02-06,118.058868
2017-02-07,118.490448
2017-02-08,118.687485
2017-02-09,119.119064
2017-02-10,119.513123
2017-02-13,120.188667
2017-02-14,120.592087
2017-02-15,121.305168
2017-02-16,121.267647
2017-02-17,121.793045
2017-02-21,122.393562
2017-02-22,122.440445
2017-02-23,121.980705
2017-02-24,122.215218
2017-02-27,122.365372
2017-02-28,121.990082
2017-03-01,123.322411
2017-03-02,122.703171
2017-03-03,122.928314
2017-03-06,122.656204
2017-03-07,122.449829
2017-03-08,122.665627
2017-03-09,122.759430
2017-03-10,123.275482
2017-03-13,123.481911
2017-03-14,123.181641
2017-03-15,123.941650
2017-03-16,123.857170
2017-03-17,123.813934
2017-03-20,123.926735
2017-03-21,122.046371
2017-03-22,122.873749
2017-03-23,122.563492
2017-03-24,122.817345
2017-03-27,123.014793
2017-03-28,123.766907
2017-03-29,124.340439
2017-03-30,124.547295
2017-03-31,124.462669
2017-04-03,124.387436
2017-04-04,124.584915
2017-04-05,124.077194
2017-04-06,124.143021
2017-04-07,124.077194
2017-04-10,124.124207
2017-04-11,123.588280
2017-04-12,123.090027
2017-04-13,122.601067
2017-04-17,123.616524
2017-04-18,123.428513
2017-04-19,123.625908
2017-04-20,124.660110
2017-04-21,124.631882
2017-04-24,126.136208
2017-04-25,127.048180
2017-04-26,126.869545
2017-04-27,127.631088
2017-04-28,127.856796
2017-05-01,128.994354
2017-05-02,129.210648
2017-05-03,128.796951
2017-05-04,128.843903
2017-05-05,129.314087
2017-05-08,129.596100
2017-05-09,130.047394
2017-05-10,130.122604
2017-05-11,130.019180
2017-05-12,130.310699
2017-05-15,130.724365
2017-05-16,131.269638
2017-05-17,127.931969
2017-05-18,129.050858
2017-05-19,129.596100
2017-05-22,130.686752
2017-05-23,130.818375
2017-05-24,131.420074
2017-05-25,132.538956
2017-05-26,132.773941
2017-05-30,132.886780
2017-05-31,132.839767
2017-06-01,133.356888
2017-06-02,134.880020
2017-06-05,134.851776
2017-06-06,134.315872
2017-06-07,134.842392
2017-06-08,134.983414
2017-06-09,131.608139
2017-06-12,130.903015
2017-06-13,131.965408
2017-06-14,131.391861
2017-06-15,130.808990
2017-06-16,130.241425
2017-06-19,132.419189
2017-06-20,131.382141
2017-06-21,132.683167
2017-06-22,132.645462
2017-06-23,133.154541
2017-06-26,132.532318
2017-06-27,130.128296
2017-06-28,132.004379
2017-06-29,129.713501
2017-06-30,129.760635
2017-07-03,128.393631
2017-07-05,129.656921
2017-07-06,128.487900
2017-07-07,129.873764
2017-07-10,130.722260
2017-07-11,131.089920
2017-07-12,132.645462
2017-07-13,132.937744
2017-07-14,133.984131
2017-07-17,134.050156
2017-07-18,134.945770
2017-07-19,135.737671
2017-07-20,135.916794
2017-07-21,135.860260
2017-07-24,136.482468
2017-07-25,136.133591
2017-07-26,136.576752
2017-07-27,135.718842
2017-07-28,135.605682
2017-07-31,135.030624
2017-08-01,135.341766
2017-08-02,135.709396
2017-08-03,135.181488
2017-08-04,135.426575
2017-08-07,136.284470
2017-08-08,136.048813
2017-08-09,135.869675
2017-08-10,132.956512
2017-08-11,133.965317
2017-08-14,135.690582
2017-08-15,135.784805
2017-08-16,136.020523
2017-08-17,133.239410
2017-08-18,133.145096
2017-08-21,132.975449
2017-08-22,135.002289
2017-08-23,134.521530
2017-08-24,134.125595
2017-08-25,133.842743
2017-08-28,134.257614
2017-08-29,134.785507
2017-08-30,136.369324
2017-08-31,137.830582
2017-09-01,137.642044
2017-09-05,136.407059
2017-09-06,136.821854
2017-09-07,137.142410
2017-09-08,135.954514
2017-09-11,137.519470
2017-09-12,137.849472
2017-09-13,138.037979
2017-09-14,137.227234
2017-09-15,137.698624
2017-09-18,137.518158
2017-09-19,137.754395
2017-09-20,137.329208
2017-09-21,136.488297
2017-09-22,136.356003
2017-09-25,134.919891
2017-09-26,135.269455
2017-09-27,136.488297
2017-09-28,136.441055
2017-09-29,137.423630
2017-10-02,137.546524
2017-10-03,137.839386
2017-10-04,137.971649
2017-10-05,139.322739
2017-10-06,139.511749
2017-10-09,139.351105
2017-10-10,139.454987
2017-10-11,139.870697
2017-10-12,139.615662
2017-10-13,140.154175
2017-10-16,140.636078
2017-10-17,140.815582
2017-10-18,140.645493
2017-10-19,140.125885
2017-10-20,140.503784
2017-10-23,139.587296
2017-10-24,139.823547
2017-10-25,139.294449
2017-10-26,138.850372
2017-10-27,142.894211
2017-10-30,143.215378
2017-10-31,143.753937
2017-11-01,143.706696
2017-11-02,143.432678
2017-11-03,144.812134
2017-11-06,145.303452
2017-11-07,145.388458
2017-11-08,145.974289
2017-11-09,145.208939
2017-11-10,145.199539
2017-11-13,145.379028
2017-11-14,144.849930
2017-11-15,144.169647
2017-11-16,146.012085
2017-11-17,145.454590
2017-11-20,145.341232
2017-11-21,146.919113
2017-11-22,147.098557
2017-11-24,147.637146
2017-11-27,147.571030
2017-11-28,147.948914
2017-11-29,145.369583
2017-11-30,146.588379
2017-12-01,145.964828
2017-12-04,144.283066
2017-12-05,144.377487
2017-12-06,145.029419
2017-12-07,145.520767
2017-12-08,146.163223
2017-12-11,147.297043
2017-12-12,147.098557
2017-12-13,147.382019
2017-12-14,147.278168
2017-12-15,148.950378
2017-12-18,150.199219
2017-12-19,149.309265
2017-12-20,149.148331
2017-12-21,149.167236
2017-12-22,148.996796
2017-12-26,148.192062
2017-12-27,148.211029
2017-12-28,148.390884
2017-12-29,147.472519
2018-01-02,150.057220
2018-01-03,151.515305
2018-01-04,151.780426
2018-01-05,153.304779
2018-01-08,153.901215
2018-01-09,153.910675
2018-01-10,153.550949
2018-01-11,154.601822
2018-01-12,155.737991
2018-01-16,155.293045
2018-01-17,156.968796
2018-01-18,156.997269
2018-01-19,157.489548
2018-01-22,159.174850
2018-01-23,160.490860
2018-01-24,159.449402
2018-01-25,159.392654
2018-01-26,161.835342
2018-01-29,161.049500
2018-01-30,159.724014
2018-01-31,160.386749
2018-02-01,159.023376
2018-02-02,155.851578
2018-02-05,149.706894
2018-02-06,153.673981
2018-02-07,151.685745
2018-02-08,145.285355
2018-02-09,147.794388
2018-02-12,150.417038
2018-02-13,151.193436
2018-02-14,154.024307
2018-02-15,156.883636
2018-02-16,156.183014
2018-02-20,156.495392
2018-02-21,156.050446
2018-02-22,156.031494
2018-02-23,159.222198
2018-02-26,161.333588
2018-02-27,159.335846
2018-02-28,158.313278
2018-03-01,155.728500
2018-03-02,157.158173
2018-03-05,158.900330
2018-03-06,159.572540
2018-03-07,159.941757
2018-03-08,160.822250
2018-03-09,163.946716
2018-03-12,164.817764
2018-03-13,162.573837
2018-03-14,162.545456
2018-03-15,162.403427
2018-03-16,161.920578
2018-03-19,158.465820
2018-03-20,158.987381
2018-03-21,158.295090
2018-03-22,154.387970
2018-03-23,150.319626
2018-03-26,155.905273
2018-03-27,150.860153
2018-03-28,149.124725
2018-03-29,151.855942
2018-04-02,147.474640
2018-04-03,149.134201
2018-04-04,151.486099
2018-04-05,152.349075
2018-04-06,148.536728
2018-04-09,149.580002
2018-04-10,152.880157
2018-04-11,151.998199
2018-04-12,153.828445
2018-04-13,153.031845
2018-04-16,154.198334
2018-04-17,157.517471
2018-04-18,157.839905
2018-04-19,156.388992
2018-04-20,153.913834
2018-04-23,153.525009
2018-04-24,150.272186
2018-04-25,150.452438
2018-04-26,153.619873
2018-04-27,153.714630
2018-04-30,152.624100
2018-05-01,154.369034
2018-05-02,153.458618
2018-05-03,153.439682
2018-05-04,156.351013
2018-05-07,157.650284
2018-05-08,157.488998
2018-05-09,159.205475
2018-05-10,160.855621
2018-05-11,160.703857
2018-05-14,160.978851
2018-05-15,159.195984
2018-05-16,160.248688
2018-05-17,159.632233
2018-05-18,158.807190
2018-05-21,159.698639
2018-05-22,159.490021
2018-05-23,160.836609
2018-05-24,160.789215
2018-05-25,160.950424
2018-05-29,160.239197
2018-05-30,161.386658
2018-05-31,161.282333
2018-06-01,163.814423
2018-06-04,165.293762
2018-06-05,165.805878
2018-06-06,166.773163
2018-06-07,165.417084
2018-06-08,165.426544
2018-06-11,165.872269
2018-06-12,166.744705
2018-06-13,166.735245
2018-06-14,168.423248
2018-06-15,167.835281
2018-06-18,167.738312
2018-06-19,167.263168
2018-06-20,168.451126
2018-06-21,166.987549
2018-06-22,166.616943
2018-06-25,162.863052
2018-06-26,163.528229
2018-06-27,161.304443
2018-06-28,162.691971
2018-06-29,163.129089
2018-07-02,164.222000
2018-07-03,162.321320
2018-07-05,164.336060
2018-07-06,166.892517
2018-07-09,168.394089
2018-07-10,168.517639
2018-07-11,167.662292
2018-07-12,170.551407
2018-07-13,170.693970
2018-07-16,170.285248
2018-07-17,171.321243
2018-07-18,170.998077
2018-07-19,170.142776
2018-07-20,170.104752
2018-07-23,170.646439
2018-07-24,171.349731
2018-07-25,173.744598
2018-07-26,171.112137
2018-07-27,168.802734
2018-07-30,166.417328
2018-07-31,167.690826
2018-08-01,168.327545
2018-08-02,170.617935
2018-08-03,171.140656
2018-08-06,172.148041
2018-08-07,172.775253
2018-08-08,172.984329
2018-08-09,172.879761
2018-08-10,171.558807
2018-08-13,171.368713
2018-08-14,172.442612
2018-08-15,170.332825
2018-08-16,170.893570
2018-08-17,170.931580
2018-08-20,170.779510
2018-08-21,171.406723
2018-08-22,172.071991
2018-08-23,171.824875
2018-08-24,173.421509
2018-08-27,175.189133
2018-08-28,175.445770
2018-08-29,177.470032
2018-08-30,177.156357
2018-08-31,177.384506
2018-09-04,176.624207
2018-09-05,174.343338
2018-09-06,172.784744
2018-09-07,172.119476
2018-09-10,172.699234
2018-09-11,174.029694
2018-09-12,173.516525
2018-09-13,175.369751
2018-09-14,174.856598
2018-09-17,172.338074
2018-09-18,173.763641
2018-09-19,173.630600
2018-09-20,175.550293
2018-09-21,174.590424
2018-09-24,175.076019
2018-09-25,175.313980
2018-09-26,175.437759
2018-09-27,176.923019
2018-09-28,176.884918
2018-10-01,177.246735
2018-10-02,176.846878
2018-10-03,177.037292
2018-10-04,173.638397
2018-10-05,171.515259
2018-10-08,170.467987
2018-10-09,171.020218
2018-10-10,163.498840
2018-10-11,161.470932
2018-10-12,165.964691
2018-10-15,163.955856
2018-10-16,168.725677
2018-10-17,168.792343
2018-10-18,164.879364
2018-10-19,164.727005
2018-10-22,165.574371
2018-10-23,164.965027
2018-10-24,157.415070
2018-10-25,162.860901
2018-10-26,158.671860
2018-10-29,155.406204
2018-10-30,157.967316
2018-10-31,161.680435
2018-11-01,163.813065
2018-11-02,161.261490
2018-11-05,160.861603
2018-11-06,162.080246
2018-11-07,167.164322
2018-11-08,166.097977
2018-11-09,163.298904
2018-11-12,158.357651
2018-11-13,158.490906
2018-11-14,157.281815
2018-11-15,160.033325
2018-11-16,159.471603
2018-11-19,154.292343
2018-11-20,151.531311
2018-11-21,152.683319
2018-11-23,151.578934
2018-11-26,155.082520
2018-11-27,155.606155
2018-11-28,160.614029
2018-11-29,160.090393
2018-11-30,161.251938
2018-12-03,164.070053
2018-12-04,157.776886
2018-12-06,158.890839
2018-12-07,153.644928
2018-12-10,155.253876
2018-12-11,155.768036
2018-12-12,157.139023
2018-12-13,157.186600
2018-12-14,153.359283
2018-12-17,149.884262
2018-12-18,150.826782
2018-12-19,147.123245
2018-12-20,144.990540
2018-12-21,140.496857
2018-12-24,137.012817
2018-12-26,145.567719
2018-12-27,146.131073
2018-12-28,146.054672
2018-12-31,147.286392
2019-01-02,147.878326
2019-01-03,143.047134
2019-01-04,149.167313
2019-01-07,150.943237
2019-01-08,152.308578
2019-01-09,153.549835
2019-01-10,153.988983
2019-01-11,153.425674
2019-01-14,152.069885
2019-01-15,155.039291
2019-01-16,155.010666
2019-01-17,156.232788
2019-01-18,157.779526
2019-01-22,154.619186
2019-01-23,154.819656
2019-01-24,155.822250
2019-01-25,157.684082
2019-01-28,155.736298
2019-01-29,154.265915
2019-01-30,158.190063
2019-01-31,160.557953
2019-02-01,159.880081
2019-02-04,161.866089
2019-02-05,163.298248
2019-02-06,162.811325
2019-02-07,160.624832
2019-02-08,160.939926
2019-02-11,160.787125
2019-02-12,163.164566
2019-02-13,163.279144
2019-02-14,163.479660
2019-02-15,164.167175
2019-02-19,164.491714
2019-02-20,164.463089
2019-02-21,163.861572
2019-02-22,165.074188
2019-02-25,165.675644
2019-02-26,165.847534
2019-02-27,165.742508
2019-02-28,165.360596
2019-03-01,166.506302
2019-03-04,166.535004
2019-03-05,166.659134
2019-03-06,165.713882
2019-03-07,163.680161
2019-03-08,163.431915
2019-03-11,166.830948
2019-03-12,167.747574
2019-03-13,169.007889
2019-03-14,168.721497
2019-03-15,170.287338
2019-03-18,170.692917
2019-03-19,171.266815
2019-03-20,171.945953
2019-03-21,174.633759
2019-03-22,170.798096
2019-03-25,170.472931
2019-03-26,171.266815
2019-03-27,170.166794
2019-03-28,170.558945
2019-03-29,171.850281
2019-04-01,174.126831
2019-04-02,174.786804
2019-04-03,175.791168
2019-04-04,175.724258
2019-04-05,176.632980
2019-04-08,177.082520
2019-04-09,176.460815
2019-04-10,177.407761
2019-04-11,176.986862
2019-04-12,177.752075
2019-04-15,177.780762
2019-04-16,178.392990
2019-04-17,179.014740
2019-04-18,179.244263
2019-04-22,179.751251
2019-04-23,182.037323
2019-04-24,181.463440
2019-04-25,182.199997
2019-04-26,182.362579
2019-04-29,182.716492
2019-04-30,181.300827
2019-05-01,180.717361
2019-05-02,179.932968
2019-05-03,182.802567
2019-05-06,181.683411
2019-05-07,178.144287
2019-05-08,177.694763
2019-05-09,176.738190
2019-05-10,176.958130
2019-05-13,170.817245
2019-05-14,172.692032
2019-05-15,175.131195
2019-05-16,176.891205
2019-05-17,175.083389
2019-05-20,172.127655
2019-05-21,173.925964
2019-05-22,173.151184
2019-05-23,170.501633
2019-05-24,170.415497
2019-05-28,169.774612
2019-05-29,168.378067
2019-05-30,169.085938
2019-05-31,166.388519
2019-06-03,162.724960
2019-06-04,167.306824
2019-06-05,168.550278
2019-06-06,169.889389
2019-06-07,173.170319
2019-06-10,175.188553
2019-06-11,175.427734
2019-06-12,174.413818
2019-06-13,175.446823
2019-06-14,174.700760
2019-06-17,175.752960
2019-06-18,178.306854
2019-06-19,178.976410
2019-06-20,180.640839
2019-06-21,180.373001
2019-06-24,180.378754
2019-06-25,177.282318
2019-06-26,178.106720
2019-06-27,178.787399
2019-06-28,179.017487
2019-07-01,181.433243
2019-07-02,182.152237
2019-07-03,183.523087
2019-07-05,183.149200
2019-07-08,181.864655
2019-07-09,182.775360
2019-07-10,184.596756
2019-07-11,184.462540
2019-07-12,185.526657
2019-07-15,186.121017
2019-07-16,185.162338
2019-07-17,184.251709
2019-07-18,184.462540
2019-07-19,183.110870
2019-07-22,184.568024
2019-07-23,185.775909
2019-07-24,187.079681
2019-07-25,185.306168
2019-07-26,187.213882
2019-07-29,186.571594
2019-07-30,185.766266
2019-07-31,183.197128
2019-08-01,182.286438
2019-08-02,179.602234
2019-08-05,173.255966
2019-08-06,175.681366
2019-08-07,176.630402
2019-08-08,180.474609
2019-08-09,178.777802
2019-08-12,176.726303
2019-08-13,180.599243
2019-08-14,175.202057
2019-08-15,175.000763
2019-08-16,177.809555
2019-08-19,180.637573
2019-08-20,179.237961
2019-08-21,180.829315
2019-08-22,180.244553
2019-08-23,174.540588
2019-08-26,177.176849
2019-08-27,176.803024
2019-08-28,177.435730
2019-08-29,180.148651
2019-08-30,179.717285
2019-09-03,177.972580
2019-09-04,180.541748
2019-09-05,183.849030
2019-09-06,183.666885
2019-09-09,183.283417
2019-09-10,182.756180
2019-09-11,184.472153
2019-09-12,185.239075
2019-09-13,184.577606
2019-09-16,183.753174
2019-09-17,184.635101
2019-09-18,184.558411
2019-09-19,184.865234
2019-09-20,182.909576
2019-09-23,182.990250
2019-09-24,180.559982
2019-09-25,182.586807
2019-09-26,181.914398
2019-09-27,179.657028
2019-09-30,181.366852
2019-10-01,179.887604
2019-10-02,176.794479
2019-10-03,178.734894
2019-10-04,181.366852
2019-10-07,180.819336
2019-10-08,178.110504
2019-10-09,179.849136
2019-10-10,181.241989
2019-10-11,183.576218
2019-10-14,183.557022
2019-10-15,185.891205
2019-10-16,185.430115
2019-10-17,185.919998
2019-10-18,184.133347
2019-10-21,185.766296
2019-10-22,184.287033
2019-10-23,184.642426
2019-10-24,186.438751
2019-10-25,187.927612
2019-10-28,189.781540
2019-10-29,188.311844
2019-10-30,189.224396
2019-10-31,189.310883
2019-11-01,191.030334
2019-11-04,192.211823
2019-11-05,192.317459
2019-11-06,191.885178
2019-11-07,192.528809
2019-11-08,193.297226
2019-11-11,193.037933
2019-11-12,193.595047
2019-11-13,193.643036
2019-11-14,193.489410
2019-11-15,194.911011
2019-11-18,195.064758
2019-11-19,195.352875
2019-11-20,194.180969
2019-11-21,193.748734
2019-11-22,193.873596
2019-11-25,196.169403
2019-11-26,196.543961
2019-11-27,197.917618
2019-11-29,197.014725
2019-12-02,194.997467
2019-12-03,193.470139
2019-12-04,194.449905
2019-12-05,194.834183
2019-12-06,196.918610
2019-12-09,196.025299
2019-12-10,195.861984
2019-12-11,196.899460
2019-12-12,198.369156
2019-12-13,199.022308
2019-12-16,201.020309
2019-12-17,201.135544
2019-12-18,201.289261
2019-12-19,202.547638
2019-12-20,203.364105
2019-12-23,203.901291
2019-12-24,204.007172
2019-12-26,205.807312
2019-12-27,205.634079
2019-12-30,204.286346
2019-12-31,204.671448
2020-01-02,208.088852
2020-01-03,206.182785
2020-01-06,207.511261
2020-01-07,207.482376
2020-01-08,209.041931
2020-01-09,210.813202
2020-01-10,210.274109
2020-01-13,212.700073
2020-01-14,211.862473
2020-01-15,211.949127
2020-01-16,213.980347
2020-01-17,215.039230
2020-01-21,214.943039
2020-01-22,215.510956
2020-01-23,216.204117
2020-01-24,214.384659
2020-01-27,209.956436
2020-01-28,213.181366
2020-01-29,213.527893
2020-01-30,214.288376
2020-01-31,210.890198
2020-02-03,214.076599
2020-02-04,218.976578
2020-02-05,219.698593
2020-02-06,221.595001
2020-02-07,220.642014
2020-02-10,223.308548
2020-02-11,223.347046
2020-02-12,225.522675
2020-02-13,225.233856
2020-02-14,225.878860
2020-02-18,225.965515
2020-02-19,228.131454
2020-02-20,226.013626
2020-02-21,221.672043
2020-02-24,213.123581
2020-02-25,207.328384
2020-02-26,208.396927
2020-02-27,197.961685
2020-02-28,198.115692
2020-03-02,208.339142
2020-03-03,201.658249
2020-03-04,210.071960
2020-03-05,203.689484
2020-03-06,200.252792
2020-03-09,186.342392
2020-03-10,196.488800
2020-03-11,187.930740
2020-03-12,170.699097
2020-03-13,185.158264
2020-03-16,162.978577
2020-03-17,175.339142
2020-03-18,170.005997
2020-03-19,171.026413
2020-03-20,164.326324
2020-03-23,164.444946
2020-03-24,177.179184
2020-03-25,175.867157
2020-03-26,185.128357
2020-03-27,178.761292
2020-03-30,185.263397
2020-03-31,183.681320
2020-04-01,175.876801
2020-04-02,179.446228
2020-04-03,176.899368
2020-04-06,189.546753
2020-04-07,189.469559
2020-04-08,193.492416
2020-04-09,193.772202
2020-04-13,195.865662
2020-04-14,204.384064
2020-04-15,202.039780
2020-04-16,205.724976
2020-04-17,207.692993
2020-04-20,205.233017
2020-04-21,197.660004
2020-04-22,203.525452
2020-04-23,203.091354
2020-04-24,206.294189
2020-04-27,207.953461
2020-04-28,204.036774
2020-04-29,211.272064
2020-04-30,211.185318
2020-05-01,205.233017
2020-05-04,207.625488
2020-05-05,209.979416
2020-05-06,211.272064
2020-05-07,213.992599
2020-05-08,216.925339
2020-05-11,218.864395
2020-05-12,214.281998
2020-05-13,211.600082
2020-05-14,214.002243
2020-05-15,215.391464
2020-05-18,219.404633
2020-05-19,218.854736
2020-05-20,223.224884
2020-05-21,220.793808
2020-05-22,221.555954
2020-05-26,220.957794
2020-05-27,222.163696
2020-05-28,221.874329
2020-05-29,225.125351
2020-06-01,225.800659
2020-06-02,227.315308
2020-06-03,228.337875
2020-06-04,226.736435
2020-06-05,231.231995
2020-06-08,233.026413
2020-06-09,234.714630
2020-06-10,237.531586
2020-06-11,225.762054
2020-06-12,227.556473
2020-06-15,230.325165
2020-06-16,234.280502
2020-06-17,235.023346
2020-06-18,235.660034
2020-06-19,235.621460
2020-06-22,238.447189
2020-06-23,240.476562
2020-06-24,235.519028
2020-06-25,237.761047
2020-06-26,232.146286
2020-06-29,234.678253
2020-06-30,239.278290
2020-07-01,242.071106
2020-07-02,243.713989
2020-07-06,249.705627
2020-07-07,247.985458
2020-07-08,251.251831
2020-07-09,253.368271
2020-07-10,255.098099
2020-07-13,249.850571
2020-07-14,251.619034
2020-07-15,252.131241
2020-07-16,250.411072
2020-07-17,250.701019
2020-07-20,257.813629
2020-07-21,255.127106
2020-07-22,256.025848
2020-07-23,249.338348
2020-07-24,246.970734
2020-07-27,251.377457
2020-07-28,248.178757
2020-07-29,251.039215
2020-07-30,252.353546
2020-07-31,256.856934
2020-08-03,260.326233
2020-08-04,261.292633
2020-08-05,261.940094
2020-08-06,265.409485
2020-08-07,262.346008
2020-08-10,261.225037
2020-08-11,256.277069
2020-08-12,262.722809
2020-08-13,263.322021
2020-08-14,263.012817
2020-08-17,266.066620
2020-08-18,268.627563
2020-08-19,266.820374
2020-08-20,270.521637
2020-08-21,272.396362
2020-08-24,274.097321
2020-08-25,276.252380
2020-08-26,282.147369
2020-08-27,281.267883
2020-08-28,282.698212
2020-08-31,284.969177
2020-09-01,289.839844
2020-09-02,292.584290
2020-09-03,277.750244
2020-09-04,274.048981
2020-09-08,260.877106
2020-09-09,268.540558
2020-09-10,263.186890
2020-09-11,261.360291
2020-09-14,265.912079
2020-09-15,269.680908
2020-09-16,265.380463
2020-09-17,261.234680
2020-09-18,257.900696
2020-09-21,258.519104
2020-09-22,263.322021
2020-09-23,255.281662
2020-09-24,256.470398
2020-09-25,262.433014
2020-09-28,267.883392
2020-09-29,266.675446
2020-09-30,268.501923
2020-10-01,272.763702
2020-10-02,265.090515
2020-10-05,270.743958
2020-10-06,265.912079
2020-10-07,270.511993
2020-10-08,271.951965
2020-10-09,276.107391
2020-10-12,284.631012
2020-10-13,284.621338
2020-10-14,282.243958
2020-10-15,280.349854
2020-10-16,278.813293
2020-10-19,274.261597
2020-10-20,274.851105
2020-10-21,274.638550
2020-10-22,274.628815
2020-10-23,275.169891
2020-10-26,271.043488
2020-10-27,273.159912
2020-10-28,262.510284
2020-10-29,267.100616
2020-10-30,260.326233
2020-11-02,260.906097
2020-11-03,265.419128
2020-11-04,277.267120
2020-11-05,284.495697
2020-11-06,284.708252
2020-11-09,278.890686
2020-11-10,273.894379
2020-11-11,280.021362
2020-11-12,278.707062
2020-11-13,281.151978
2020-11-16,283.345612
2020-11-17,282.446991
2020-11-18,280.359528
2020-11-19,282.553223
2020-11-20,280.620483
2020-11-23,280.630096
2020-11-24,284.572998
2020-11-25,286.322174
2020-11-27,288.960327
2020-11-30,289.549896
2020-12-01,293.260864
2020-12-02,293.637726
2020-12-03,294.053314
2020-12-04,295.251526
2020-12-07,296.923492
2020-12-08,297.928436
2020-12-09,291.183075
2020-12-10,292.352417
2020-12-11,291.704956
2020-12-14,293.821381
2020-12-15,296.962219
2020-12-16,298.595306
2020-12-17,300.547302
2020-12-18,299.638916
2020-12-21,299.078522
2020-12-22,299.891754
2020-12-23,298.381470
2020-12-24,299.698029
2020-12-28,302.718628
2020-12-29,302.989685
2020-12-30,302.999451
2020-12-31,303.744904
2021-01-04,299.456085
2021-01-05,301.924744
2021-01-06,297.742432
2021-01-07,304.945465
2021-01-08,308.866333
2021-01-11,304.403290
2021-01-12,303.919159
2021-01-13,305.971619
2021-01-14,304.335480
2021-01-15,301.924744
2021-01-19,306.329834
2021-01-20,313.455292
2021-01-21,315.962799
2021-01-22,315.052856
2021-01-25,317.657104
2021-01-26,318.121826
2021-01-27,309.253601
2021-01-28,311.083466
2021-01-29,304.538757
2021-02-01,312.148407
2021-02-02,317.240814
2021-02-03,315.982208
2021-02-04,319.719330
2021-02-05,320.803528
2021-02-08,322.952881
2021-02-09,322.885101
2021-02-10,322.149292
2021-02-11,323.920959
2021-02-12,325.731384
2021-02-16,324.850433
2021-02-17,323.291656
2021-02-18,321.878204
2021-02-19,320.474426
2021-02-22,312.167755
2021-02-23,311.238312
2021-02-24,313.803894
2021-02-25,302.863861
2021-02-26,304.132202
2021-03-01,313.281067
2021-03-02,308.256439
2021-03-03,299.310913
2021-03-04,294.411957
2021-03-05,298.846100
2021-03-08,290.384552
2021-03-09,301.837616
2021-03-10,300.976044
2021-03-11,307.907990
2021-03-12,305.410095
2021-03-15,308.672821
2021-03-16,310.367004
2021-03-17,311.644928
2021-03-18,302.099091
2021-03-19,303.164001
2021-03-22,308.849365
2021-03-23,307.501923
2021-03-24,302.315826
2021-03-25,301.792358
2021-03-26,306.319336
2021-03-29,306.232056
2021-03-30,304.690796
2021-03-31,309.353424
2021-04-01,314.626709
2021-04-05,320.908234
2021-04-06,320.685303
2021-04-07,321.460785
2021-04-08,324.814728
2021-04-09,326.782562
2021-04-12,326.356140
2021-04-13,330.165680
2021-04-14,326.200928
2021-04-15,331.144653
2021-04-16,331.532501
2021-04-19,328.498352
2021-04-20,326.104065
2021-04-21,328.895782
2021-04-22,324.931152
2021-04-23,329.021820
2021-04-26,331.164093
2021-04-27,329.729431
2021-04-28,328.614655
2021-04-29,329.797302
2021-04-30,327.635620
2021-05-03,325.890778
2021-05-04,320.026062
2021-05-05,318.950195
2021-05-06,321.354095
2021-05-07,323.961731
2021-05-10,315.780365
2021-05-11,315.344086
2021-05-12,307.182037
2021-05-13,309.556946
2021-05-14,316.391052
2021-05-17,314.471649
2021-05-18,312.348785
2021-05-19,312.707397
2021-05-20,318.756256
2021-05-21,316.992035
2021-05-24,322.323547
2021-05-25,322.769348
2021-05-26,323.893921
2021-05-27,322.682190
2021-05-28,323.700012
2021-06-01,322.623993
2021-06-02,323.254059
2021-06-03,319.890381
2021-06-04,325.318787
2021-06-07,326.288208
2021-06-08,326.443298
2021-06-09,326.520874
2021-06-10,329.923248
2021-06-11,330.786102
2021-06-14,333.955872
2021-06-15,331.774841
2021-06-16,330.563141
2021-06-17,334.760437
2021-06-18,332.133453
2021-06-21,334.197754
2021-06-22,337.313049
2021-06-23,337.477936
2021-06-24,339.564514
2021-06-25,339.147217
2021-06-28,343.271790
2021-06-29,344.514008
2021-06-30,343.970581
2021-07-01,344.106415
2021-07-02,348.056366
2021-07-06,349.560547
2021-07-07,350.298096
2021-07-08,348.182465
2021-07-09,350.356354
2021-07-12,351.724701
2021-07-13,351.724701
2021-07-14,352.355591
2021-07-15,349.880768
2021-07-16,347.046997
2021-07-19,344.203430
2021-07-20,348.201843
2021-07-21,350.890137
2021-07-22,353.209656
2021-07-23,357.334198
2021-07-26,357.615601
2021-07-27,353.675415
2021-07-28,355.034119
2021-07-29,355.664917
2021-07-30,353.811279
2021-08-02,353.840363
2021-08-03,355.985138
2021-08-04,356.499512
2021-08-05,358.760742
2021-08-06,357.188568
2021-08-09,357.848541
2021-08-10,356.014221
2021-08-11,355.402863
2021-08-12,356.683960
2021-08-13,357.935944
2021-08-16,358.091187
2021-08-17,354.937042
2021-08-18,351.520996
2021-08-19,353.219208
2021-08-20,356.878052
2021-08-23,362.215759
2021-08-24,363.322144
2021-08-25,363.739319
2021-08-26,361.429688
2021-08-27,364.942841
2021-08-30,369.038239
2021-08-31,368.737366
2021-09-01,369.348755
2021-09-02,369.174133
2021-09-03,370.309631
2021-09-07,370.833588
2021-09-08,369.542908
2021-09-09,368.271667
2021-09-10,365.476501
2021-09-13,365.224213
2021-09-14,364.185883
2021-09-15,366.893433
2021-09-16,367.145844
2021-09-17,362.798096
2021-09-20,355.301514
2021-09-21,355.738647
2021-09-22,359.061401
2021-09-23,362.374420
2021-09-24,362.714447
2021-09-27,359.819183
2021-09-28,349.637207
2021-09-29,349.063965
2021-09-30,347.781525
2021-10-01,349.938385
2021-10-04,342.593323
2021-10-05,347.217957
2021-10-06,349.442902
2021-10-07,352.648987
2021-10-08,350.890533
2021-10-11,348.199249
2021-10-12,346.984833
2021-10-13,349.763519
2021-10-14,356.204987
2021-10-15,358.449219
2021-10-18,362.053833
2021-10-19,364.793518
2021-10-20,364.317505
2021-10-21,366.542419
2021-10-22,363.462616
2021-10-25,367.183655
2021-10-26,368.339874
2021-10-27,369.194794
2021-10-28,373.294861
2021-10-29,375.131042
2021-11-01,376.413513
2021-11-02,377.987518
2021-11-03,382.000031
2021-11-04,386.896729
2021-11-05,387.265961
2021-11-08,386.741241
2021-11-09,384.079163
2021-11-10,378.434387
2021-11-11,379.483673
2021-11-12,383.476868
2021-11-15,383.389313
2021-11-16,386.119446
2021-11-17,386.323486
2021-11-18,390.326416
2021-11-19,392.502655
2021-11-22,387.946045
2021-11-23,386.177765
2021-11-24,387.421387
2021-11-26,380.076355
2021-11-29,388.324982
2021-11-30,382.621796
2021-12-01,376.112366
2021-12-02,378.822998
2021-12-03,372.235809
2021-12-06,375.218506
2021-12-07,386.517822
2021-12-08,388.247192
2021-12-09,382.534393
2021-12-10,386.692780
2021-12-13,381.106171
2021-12-14,377.161591
2021-12-15,385.760071
2021-12-16,375.840271
2021-12-17,373.965179
2021-12-20,370.337616
2021-12-21,378.625885
2021-12-22,383.237030
2021-12-23,386.126251
2021-12-27,392.507843
2021-12-28,390.688721
2021-12-29,390.630371
2021-12-30,389.462952
2021-12-31,387.030914
2022-01-03,390.756775
2022-01-04,385.688507
2022-01-05,373.839691
2022-01-06,373.577057
2022-01-07,369.530090
2022-01-10,369.773376
2022-01-11,375.328094
2022-01-12,376.816498
2022-01-13,367.389984
2022-01-14,369.676147
2022-01-18,360.473297
2022-01-19,356.514008
2022-01-20,351.883514
2022-01-21,342.126251
2022-01-24,343.692444
2022-01-25,335.725159
2022-01-26,335.199829
2022-01-27,331.824127
2022-01-28,342.233154
2022-01-31,353.177277
2022-02-01,355.580139
2022-02-02,358.469421
2022-02-03,343.935638
2022-02-04,348.274353
2022-02-07,345.472656
2022-02-08,349.354095
2022-02-09,356.757263
2022-02-10,348.682922
2022-02-11,337.622131
2022-02-14,338.040405
2022-02-15,346.445496
2022-02-16,346.357910
2022-02-17,336.055878
2022-02-18,332.223053
2022-02-22,328.886292
2022-02-23,320.461823
2022-02-24,331.230774
2022-02-25,336.367218
2022-02-28,337.369202
2022-03-01,332.203522
2022-03-02,337.777740
2022-03-03,332.952667
2022-03-04,328.127502
2022-03-07,316.025818
2022-03-08,314.556854
2022-03-09,325.880341
2022-03-10,322.261536
2022-03-11,315.578308
2022-03-14,309.517761
2022-03-15,319.226410
2022-03-16,331.065399
2022-03-17,335.073395
2022-03-18,341.931641
2022-03-21,340.980988
2022-03-22,347.682190
2022-03-23,342.685547
2022-03-24,350.302338
2022-03-25,350.010040
2022-03-28,355.425568
2022-03-29,361.542358
2022-03-30,357.548950
2022-03-31,353.117157
2022-04-01,352.445160
2022-04-04,359.701477
2022-04-05,351.714630
2022-04-06,344.078339
2022-04-07,344.896576
2022-04-08,340.075226
2022-04-11,332.029968
2022-04-12,330.627350
2022-04-13,337.347961
2022-04-14,329.633820
2022-04-18,329.887115
2022-04-19,337.260254
2022-04-20,332.341553
2022-04-21,325.465027
2022-04-22,316.942444
2022-04-25,321.013763
2022-04-26,308.897186
2022-04-27,308.527039
2022-04-28,319.484680
2022-04-29,305.108246
2022-05-02,310.202332
2022-05-03,310.533539
2022-05-04,321.033295
2022-05-05,304.864746
2022-05-06,301.212219
2022-05-09,289.426666
2022-05-10,292.942932
2022-05-11,284.254761
2022-05-12,283.582703
2022-05-13,294.092224
2022-05-16,290.683228
2022-05-17,298.212311
2022-05-18,283.572906
2022-05-19,282.053436
2022-05-20,281.176819
2022-05-23,285.852173
2022-05-24,279.774323
2022-05-25,283.689819
2022-05-26,291.550049
2022-05-27,301.066193
2022-05-31,300.267426
2022-06-01,298.046692
2022-06-02,306.208954
2022-06-03,298.241608
2022-06-06,299.234924
2022-06-07,301.816101
2022-06-08,299.644104
2022-06-09,291.618317
2022-06-10,281.332703
2022-06-13,268.251831
2022-06-14,268.738739
2022-06-15,275.449677
2022-06-16,264.336243
2022-06-17,267.550476
2022-06-21,274.300690
2022-06-22,273.900574
2022-06-23,277.979767
2022-06-24,287.504303
2022-06-27,285.396393
2022-06-28,276.701385
2022-06-29,276.955048
2022-06-30,273.519989
2022-07-01,275.325348
2022-07-05,280.038849
2022-07-06,281.834442
2022-07-07,287.865417
2022-07-08,288.226532
2022-07-11,282.068787
2022-07-12,279.336151
2022-07-13,278.760437
2022-07-14,279.755859
2022-07-15,284.830383
2022-07-18,282.419952
2022-07-19,291.105377
2022-07-20,295.721252
2022-07-21,299.966309
2022-07-22,294.706360
2022-07-25,293.027832
2022-07-26,287.270233
2022-07-27,299.410095
2022-07-28,302.337708
2022-07-29,307.851532
2022-08-01,307.666046
2022-08-02,306.748688
2022-08-03,315.102264
2022-08-04,316.575867
2022-08-05,313.989777
2022-08-08,312.974792
2022-08-09,309.432373
2022-08-10,318.068909
2022-08-11,316.263580
2022-08-12,322.421387
2022-08-15,325.026947
2022-08-16,324.265839
2022-08-17,320.567200
2022-08-18,321.338135
2022-08-19,315.072906
2022-08-22,306.777985
2022-08-23,306.524231
2022-08-24,307.412292
2022-08-25,312.847992
2022-08-26,300.024902
2022-08-29,297.067993
2022-08-30,293.759735
2022-08-31,292.051971
2022-09-01,292.178864
2022-09-02,288.050903
2022-09-06,285.981903
2022-09-07,291.759186
2022-09-08,293.271790
2022-09-09,299.683319
2022-09-12,303.245270
2022-09-13,286.616394
2022-09-14,288.890045
2022-09-15,284.078979
2022-09-16,282.341888
2022-09-19,284.540619
2022-09-20,282.272522
2022-09-21,277.218140
2022-09-22,273.806213
2022-09-23,269.348236
2022-09-26,268.233643
2022-09-27,268.341217
2022-09-28,273.679047
2022-09-29,265.789642
2022-09-30,261.282776
2022-10-03,267.412415
2022-10-04,275.820129
2022-10-05,275.673492
2022-10-06,273.503143
2022-10-07,263.081604
2022-10-10,260.451752
2022-10-11,256.873596
2022-10-12,256.785614
2022-10-13,262.807861
2022-10-14,254.908463
2022-10-17,263.325989
2022-10-18,265.408264
2022-10-19,264.440491
2022-10-20,263.091278
2022-10-21,269.260193
2022-10-24,272.222412
2022-10-25,277.853607
2022-10-26,271.714050
2022-10-27,266.767242
2022-10-28,274.930542
2022-10-31,271.733582
2022-11-01,268.957092
2022-11-02,259.738068
2022-11-03,254.664108
2022-11-04,258.760406
2022-11-07,261.605377
2022-11-08,263.511749
2022-11-09,257.430786
2022-11-10,276.426270
2022-11-11,281.519775
2022-11-14,279.056122
2022-11-15,282.917786
2022-11-16,279.056122
2022-11-17,278.440216
2022-11-18,278.449951
2022-11-21,275.585510
2022-11-22,279.554718
2022-11-23,282.360474
2022-11-25,280.503052
2022-11-28,276.387115
2022-11-29,274.294983
2022-11-30,286.799011
2022-12-01,287.150970
2022-12-02,286.007050
2022-12-05,281.206909
2022-12-06,275.380188
2022-12-07,274.255920
2022-12-08,277.501678
2022-12-09,275.732117
2022-12-12,279.192963
2022-12-13,282.194366
2022-12-14,280.102203
2022-12-15,270.697296
2022-12-16,268.116425
2022-12-19,264.348389
2022-12-20,264.142609
2022-12-21,267.974335
2022-12-22,261.418243
2022-12-23,262.006226
2022-12-27,258.301910
2022-12-28,254.891586
2022-12-29,261.104645
2022-12-30,260.947876
2023-01-03,259.183868
2023-01-04,260.418640
2023-01-05,256.342010
2023-01-06,263.417358
2023-01-09,265.122498
2023-01-10,267.366699
2023-01-11,271.992157
2023-01-12,273.462128
2023-01-13,275.343689
2023-01-17,275.902283
2023-01-18,272.315521
2023-01-19,269.640167
2023-01-20,277.019440
2023-01-23,283.173676
2023-01-24,282.595490
2023-01-25,281.968323
2023-01-26,287.465973
2023-01-27,290.327545
2023-01-30,284.457520
2023-01-31,288.720306
2023-02-01,294.894287
2023-02-02,305.477936
2023-02-03,300.048889
2023-02-06,297.510773
2023-02-07,303.674835
2023-02-08,298.275085
2023-02-09,295.639008
2023-02-10,293.698608
2023-02-13,298.402496
2023-02-14,300.607483
2023-02-15,302.910461
2023-02-16,297.226562
2023-02-17,295.129395
2023-02-21,288.142181
2023-02-22,288.357758
2023-02-23,290.876312
2023-02-24,286.005829
2023-02-27,288.053955
2023-02-28,287.681580
2023-03-01,285.368866
2023-03-02,287.730652
2023-03-03,293.678986
2023-03-06,294.012207
2023-03-07,290.405914
2023-03-08,291.856354
2023-03-09,286.799683
2023-03-10,282.771851
2023-03-13,284.869080
2023-03-14,291.415253
2023-03-15,292.944061
2023-03-16,300.666290
2023-03-17,299.245300
2023-03-20,300.307251
2023-03-21,304.596375
2023-03-22,300.454437
2023-03-23,304.017273
2023-03-24,305.136261
2023-03-27,303.045685
2023-03-28,301.436005
2023-03-29,306.932312
2023-03-30,309.837555
2023-03-31,314.990417
2023-04-03,314.224823
2023-04-04,313.164886
2023-04-05,310.073151
2023-04-06,312.163666
2023-04-10,311.987030
2023-04-11,309.984772
2023-04-12,307.246460
2023-04-13,313.262970
2023-04-14,312.674042
2023-04-17,312.939087
2023-04-18,312.958649
2023-04-19,312.811462
2023-04-20,310.426483
2023-04-21,310.750336
2023-04-24,310.102539
2023-04-25,304.252899
2023-04-26,306.098114
2023-04-27,314.421234
2023-04-28,316.590271
2023-05-01,316.227081
2023-05-02,313.469086
2023-05-03,311.417786
2023-05-04,310.318451
2023-05-05,316.914215
2023-05-08,317.699341
2023-05-09,315.687317
2023-05-10,319.122467
2023-05-11,320.162872
2023-05-12,319.014496
2023-05-15,320.741974
2023-05-16,321.105103
2023-05-17,324.991791
2023-05-18,331.028015
2023-05-19,330.282013
2023-05-22,331.391144
2023-05-23,327.190338
2023-05-24,325.511993
2023-05-25,333.432617
2023-05-26,341.951965
2023-05-30,343.502777
2023-05-31,341.549622
2023-06-01,345.495209
2023-06-02,348.086365
2023-06-05,348.331696
2023-06-06,348.272827
2023-06-07,342.364227
2023-06-08,346.614044
2023-06-09,347.939087
2023-06-12,353.818237
2023-06-13,356.536987
2023-06-14,359.128113
2023-06-15,363.407440
2023-06-16,361.120514
2023-06-20,360.603577
2023-06-21,355.689362
2023-06-22,359.886108
2023-06-23,356.318390
2023-06-26,351.541870
2023-06-27,357.586273
2023-06-28,358.284119
2023-06-29,357.566620
2023-06-30,363.080353
2023-07-03,363.935394
2023-07-05,363.925598
2023-07-06,361.153992
2023-07-07,359.954895
2023-07-10,360.072784
2023-07-11,361.851837
2023-07-12,366.421936
2023-07-13,372.643341
2023-07-14,372.564697
2023-07-17,376.043945
2023-07-18,379.120300
2023-07-19,379.031738
2023-07-20,370.294342
2023-07-21,369.183777
2023-07-24,369.773499
2023-07-25,372.279694
2023-07-26,371.041321
2023-07-27,370.156769
2023-07-28,376.899017
2023-07-31,377.095612
2023-08-01,376.220886
2023-08-02,367.965027
2023-08-03,367.375305
2023-08-04,365.655396
2023-08-07,368.751312
2023-08-08,365.616058
2023-08-09,361.596283
2023-08-10,362.264587
2023-08-11,359.954895
2023-08-14,363.994354
2023-08-15,360.131805
2023-08-16,356.318390
2023-08-17,352.426331
2023-08-18,351.984100
2023-08-21,357.655060
2023-08-22,357.144012
2023-08-23,362.775665
2023-08-24,355.021088
2023-08-25,357.772980
2023-08-28,360.465973
2023-08-29,368.338531
2023-08-30,370.392670
2023-08-31,371.503235
2023-09-01,371.110107
2023-09-05,371.581879
2023-09-06,368.309021
2023-09-07,365.675018
2023-09-08,366.186066
2023-09-11,370.500793
2023-09-12,366.392578
2023-09-13,367.788116
2023-09-14,370.795654
2023-09-15,364.446503
2023-09-18,364.826416
2023-09-19,364.048859
2023-09-20,358.802734
2023-09-21,352.227783
2023-09-22,352.277130
2023-09-25,353.950287
2023-09-26,348.635254
2023-09-27,349.452271
2023-09-28,352.375519
2023-09-29,352.631378
2023-10-02,355.574280
2023-10-03,349.334167
2023-10-04,354.088135
2023-10-05,353.044800
2023-10-06,358.960205
2023-10-09,360.790924
2023-10-10,362.789001
2023-10-11,365.377625
2023-10-12,364.107910
2023-10-13,359.531067
2023-10-16,363.596100
2023-10-17,362.405121
2023-10-18,357.651123
2023-10-19,354.304657
2023-10-20,349.019165
2023-10-23,350.072357
2023-10-24,353.477875
2023-10-25,344.826202
2023-10-26,338.251404
2023-10-27,339.875397
2023-10-30,343.704163
2023-10-31,345.347870
2023-11-01,351.342010
2023-11-02,357.719971
2023-11-03,361.922882
2023-11-06,363.399231
2023-11-07,366.834320
2023-11-08,367.070496
2023-11-09,364.245728
2023-11-10,372.434784
2023-11-13,371.273254
2023-11-14,379.265594
2023-11-15,379.550964
2023-11-16,379.875793
2023-11-17,379.964325
2023-11-20,384.590363
2023-11-21,382.356140
2023-11-22,383.921112
2023-11-24,383.379700
2023-11-27,383.045105
2023-11-28,384.049042
2023-11-29,383.674957
2023-11-30,382.710419
2023-12-01,383.803009
2023-12-04,380.239899
2023-12-05,381.194702
2023-12-06,378.989899
2023-12-07,384.285278
2023-12-08,385.997864
2023-12-11,389.295105
2023-12-12,392.395538
2023-12-13,397.385803
2023-12-14,397.041260
2023-12-15,398.960602
2023-12-18,401.473480
2023-12-19,403.524872
2023-12-20,397.528534
2023-12-21,402.153992
2023-12-22,402.755585
2023-12-26,405.221161
2023-12-27,406.046082
2023-12-28,405.848755
2023-12-29,404.092316
2024-01-02,397.254181
2024-01-03,393.050690
2024-01-04,391.027771
2024-01-05,391.491577
2024-01-08,399.582947
2024-01-09,400.372253
2024-01-10,403.085846
2024-01-11,403.924622
2024-01-12,404.131866
2024-01-16,404.092316
2024-01-17,401.812927
2024-01-18,407.516357
2024-01-19,415.597778
2024-01-22,416.140533
2024-01-23,417.867340
2024-01-24,420.186157
2024-01-25,420.699280
2024-01-26,418.192993
2024-01-29,422.475403
2024-01-30,419.663177
2024-01-31,411.443634
2024-02-01,416.288483
2024-02-02,423.324036
2024-02-05,422.771484
2024-02-06,421.922852
2024-02-07,426.264557
2024-02-08,427.053925
2024-02-09,431.257446
2024-02-12,429.570129
2024-02-13,422.870117
2024-02-14,427.478241
2024-02-15,428.751129
2024-02-16,424.863312
2024-02-20,421.656403
2024-02-21,419.969116
2024-02-22,432.263947
2024-02-23,430.991028
2024-02-26,430.764069
2024-02-27,431.800171
2024-02-28,429.501038
2024-02-29,433.181610
2024-03-01,439.703979
2024-03-04,438.135101
2024-03-05,430.270691
2024-03-06,432.974426
2024-03-07,439.546143
2024-03-08,433.201294
2024-03-11,431.592926
2024-03-12,437.779907
2024-03-13,434.415070
2024-03-14,433.319794
2024-03-15,428.168976
2024-03-18,432.252594
2024-03-19,433.329559
2024-03-20,438.467407
2024-03-21,440.542328
2024-03-22,441.046265
2024-03-25,439.445618
2024-03-26,438.022797
2024-03-27,439.514740
2024-03-28,438.704559
2024-04-01,439.633331
2024-04-02,435.839233
2024-04-03,436.817383
2024-04-04,430.138153
2024-04-05,435.206848
2024-04-08,435.335266
2024-04-09,436.945831
2024-04-10,433.131958
2024-04-11,440.048309
2024-04-12,433.033112
2024-04-15,425.909302
2024-04-16,425.948853
2024-04-17,420.751678
2024-04-18,418.350677
2024-04-19,409.695374
2024-04-22,413.815552
2024-04-23,419.990845
2024-04-24,421.413696
2024-04-25,419.378326
2024-04-26,425.850037
2024-04-29,427.579071
2024-04-30,419.516632
2024-05-01,416.483307
2024-05-02,421.798981
2024-05-03,430.276459
2024-05-06,434.989532
2024-05-07,435.058655
2024-05-08,434.801819
2024-05-09,435.750244
2024-05-10,436.777863
2024-05-13,437.785645
2024-05-14,440.601624
2024-05-15,447.488281
2024-05-16,446.579346
2024-05-17,446.361969
2024-05-20,449.474304
2024-05-21,450.353668
2024-05-22,450.264740
2024-05-23,448.239288
2024-05-24,452.477997
2024-05-28,454.187317
2024-05-29,450.985992
2024-05-30,446.154419
2024-05-31,445.324493
2024-06-03,447.715546
2024-06-04,448.940735
2024-06-05,457.991302
2024-06-06,457.833191
2024-06-07,457.428131
2024-06-10,459.275757
2024-06-11,462.427673
2024-06-12,468.484436
2024-06-13,471.023743
2024-06-14,473.464172
2024-06-17,479.264069
2024-06-18,479.412262
2024-06-20,475.716949
2024-06-21,474.442322
2024-06-24,469.040985
2024-06-25,474.404755
2024-06-26,475.384491
2024-06-27,476.611572
2024-06-28,474.137543
2024-07-01,476.918365
2024-07-02,481.925903
2024-07-03,485.943756
2024-07-05,491.010590
2024-07-08,492.178375
2024-07-09,492.603912
2024-07-10,497.740021
2024-07-11,486.824493
2024-07-12,489.684509
2024-07-15,491.000702
2024-07-16,491.188751
2024-07-17,476.769958
2024-07-18,474.513641
2024-07-19,470.307648
2024-07-22,477.314240
2024-07-23,475.631897
2024-07-24,458.570831
2024-07-25,453.513794
2024-07-26,458.165070
2024-07-29,459.085388
2024-07-30,452.781525
2024-07-31,466.181030
2024-08-01,454.889404
2024-08-02,444.092621
2024-08-05,430.851562
2024-08-06,434.968384
2024-08-07,430.257751
2024-08-08,443.419708
2024-08-09,445.735443
2024-08-12,446.695343
2024-08-13,457.779114
2024-08-14,457.927582
2024-08-15,469.496216
2024-08-16,470.099854
2024-08-19,476.275146
2024-08-20,475.275635
2024-08-21,477.492401
2024-08-22,469.921753
2024-08-23,475.018311
2024-08-26,470.406647
2024-08-27,471.811951
2024-08-28,466.458069
2024-08-29,465.775269
2024-08-30,471.326965
2024-09-03,457.017090
2024-09-04,455.829590
2024-09-05,456.255127
2024-09-06,444.033264
2024-09-09,449.743408
2024-09-10,453.899780
2024-09-11,463.756409
2024-09-12,468.308685
2024-09-13,470.406647
2024-09-16,468.328461
2024-09-17,468.575836
2024-09-18,466.547180
2024-09-19,478.343475
2024-09-20,477.433014
2024-09-23,478.698517
2024-09-24,481.007568
2024-09-25,481.453552
2024-09-26,485.070709
2024-09-27,482.375214
2024-09-30,483.683319
2024-10-01,476.944427
2024-10-02,477.618347
2024-10-03,477.261536
2024-10-04,482.940033
2024-10-07,477.766968
2024-10-08,484.902222
2024-10-09,488.717621
2024-10-10,488.162720
2024-10-11,488.925690
2024-10-14,493.028564
2024-10-15,486.438324
2024-10-16,486.497772
2024-10-17,486.834747
2024-10-18,490.025787
2024-10-21,490.967224
2024-10-22,491.502411
2024-10-23,483.970703
2024-10-24,487.895111
2024-10-25,490.868164
2024-10-28,490.947388
2024-10-29,495.664642
2024-10-30,491.918610
2024-10-31,479.501251
2024-11-01,483.049011
2024-11-04,481.641846
2024-11-05,487.786102
2024-11-06,501.035919
2024-11-07,508.924316
2024-11-08,509.518982
2024-11-11,509.221771
2024-11-12,508.300018
2024-11-13,507.646027
2024-11-14,504.118011
2024-11-15,492.106903
2024-11-18,495.525879
2024-11-19,498.934998
2024-11-20,498.647614
2024-11-21,500.441315
2024-11-22,501.244080
2024-11-25,502.036896
2024-11-26,504.732422
2024-11-27,500.758423
2024-11-29,505.158569
2024-12-02,510.658691
2024-12-03,512.224426
2024-12-04,518.557129
2024-12-05,517.119995
2024-12-06,521.747986
2024-12-09,517.684937
2024-12-10,515.920776
2024-12-11,525.157166
2024-12-12,521.767883
2024-12-13,525.761780
2024-12-16,533.333008
2024-12-17,530.984253
2024-12-18,511.827972
2024-12-19,509.548737
2024-12-20,513.998291
2024-12-23,519.006104
2024-12-24,526.043762
2024-12-26,525.686340
2024-12-27,518.698364
2024-12-30,511.799774
2024-12-31,507.452087
